end_time,start_time,duration,time_offset,exercise_type,max_speed,calorie,mean_speed,update_time,live_data,distance,datauuid,create_time
2018-08-09 17:59:38.000,2018-08-09 17:42:00.000,1057695,UTC+0200,1001,1.9004618,68.6882,1.4694984,2018-08-09 18:03:12.146,007f2447-c695-4445-88c5-d503481163d6.live_data.json,1554.2812,007f2447-c695-4445-88c5-d503481163d6,2018-08-09 18:03:12.146
2018-07-19 22:01:45.000,2018-07-19 21:15:28.000,2776486,UTC+0100,1001,1.6356475,182.22229,1.4552989,2018-07-19 22:04:29.988,00c942a1-c864-4179-907d-b8badd97d7f6.live_data.json,4040.6172,00c942a1-c864-4179-907d-b8badd97d7f6,2018-07-19 22:04:29.988
2018-08-13 21:23:19.000,2018-08-13 21:09:09.000,850278,UTC+0200,1001,1.6452429,54.645508,1.4346869,2018-08-13 21:30:53.619,01491fa6-d52c-4ed1-a86f-e600d17ca239.live_data.json,1219.8828,01491fa6-d52c-4ed1-a86f-e600d17ca239,2018-08-13 21:30:53.619
2018-07-19 07:27:04.000,2018-07-19 06:51:32.000,2131806,UTC+0100,1001,1.7570962,138.73798,1.4671017,2018-07-19 07:43:06.285,0397e84e-095f-4dd6-aaac-a63f11ce7efb.live_data.json,3127.5762,0397e84e-095f-4dd6-aaac-a63f11ce7efb,2018-07-19 07:43:06.285
2018-06-24 13:06:24.000,2018-06-24 12:51:00.000,924717,UTC+0100,1001,1.397217,53.14264,1.2242429,2018-06-24 13:17:43.210,0568e951-103d-46a4-8851-38e7ae842dfd.live_data.json,1132.0781,0568e951-103d-46a4-8851-38e7ae842dfd,2018-06-24 13:17:43.210
2018-10-13 14:09:21.000,2018-10-13 13:54:05.000,915444,UTC+0200,1001,1.5092027,52.817017,1.2607527,2018-10-13 14:12:02.862,06191161-283b-45d8-bd87-dfc66446b20e.live_data.json,1154.1484,06191161-283b-45d8-bd87-dfc66446b20e,2018-10-13 14:12:02.862
2018-09-27 11:59:19.000,2018-09-27 11:41:00.000,1099738,UTC+0200,1001,1.5765433,64.84943,1.268793,2018-09-27 12:01:52.006,067300ce-35a3-425a-baa5-7cdb4388f451.live_data.json,1395.3398,067300ce-35a3-425a-baa5-7cdb4388f451,2018-09-27 12:01:52.006
2018-06-03 08:16:44.000,2018-06-03 07:58:34.000,1089743,UTC+0100,1001,1.6095868,63.732475,1.29304,2018-06-03 08:22:50.803,07005280-1776-413f-bb55-091c19b99e84.live_data.json,1409.0814,07005280-1776-413f-bb55-091c19b99e84,2018-06-03 08:22:50.803
2018-08-30 13:09:44.000,2018-08-30 12:58:08.000,695443,UTC+0200,1001,1.5571597,46.15741,1.4726702,2018-08-30 13:15:00.028,08e5c964-4bd1-4eba-a621-3c680ef6e6c4.live_data.json,1024.1582,08e5c964-4bd1-4eba-a621-3c680ef6e6c4,2018-08-30 13:15:00.028
2018-08-25 12:14:05.000,2018-08-25 11:38:00.000,2165611,UTC+0200,1001,1.6748899,117.69995,1.184295,2018-08-25 12:17:40.526,091449c9-39c5-4efa-aa3d-16f32a9d1c84.live_data.json,2564.7227,091449c9-39c5-4efa-aa3d-16f32a9d1c84,2018-08-25 12:17:40.526
2018-06-28 17:46:05.000,2018-06-28 17:23:00.000,1385152,UTC+0100,1001,1.6293017,88.26831,1.4187466,2018-06-28 17:55:07.197,0acbdf91-12b0-4a3e-8ed6-a2dfea916f61.live_data.json,1965.1797,0acbdf91-12b0-4a3e-8ed6-a2dfea916f61,2018-06-28 17:55:07.197
2018-08-14 18:36:22.000,2018-08-14 18:19:00.000,1042309,UTC+0200,1001,1.9589224,70.3374,1.5322689,2018-08-14 18:56:15.045,0c049b64-5f02-42a7-932e-f799087d5451.live_data.json,1597.0977,0c049b64-5f02-42a7-932e-f799087d5451,2018-08-14 18:56:15.045
2019-01-23 17:02:07.000,2019-01-23 16:42:00.000,1207026,UTC+0100,1001,1.741434,75.83503,1.398287,2019-01-23 17:11:56.006,0c4e0e3d-a20f-4625-83cc-180e57842399.live_data.json,1687.7688,0c4e0e3d-a20f-4625-83cc-180e57842399,2019-01-23 17:11:56.006
2018-08-13 18:32:14.000,2018-08-13 18:10:00.000,1334374,UTC+0200,1001,1.6750696,86.01538,1.4404109,2018-08-13 21:08:39.473,0d4fcf27-0390-404e-ad36-cf2a71828890.live_data.json,1922.0469,0d4fcf27-0390-404e-ad36-cf2a71828890,2018-08-13 21:08:39.473
2018-07-18 07:56:35.000,2018-07-18 07:18:30.000,2284840,UTC+0100,1001,1.7394173,141.49939,1.4025916,2018-07-18 07:58:11.748,0d71c241-c0aa-4ce3-aad0-db1d246baa27.live_data.json,3204.6973,0d71c241-c0aa-4ce3-aad0-db1d246baa27,2018-07-18 07:58:11.748
2018-06-25 07:41:22.000,2018-06-25 07:07:25.000,2036817,UTC+0100,1001,1.6988951,132.63635,1.4576944,2018-06-25 07:42:25.491,0dd264bf-ba05-4680-b9e4-fe20a54aed2b.live_data.json,2969.0566,0dd264bf-ba05-4680-b9e4-fe20a54aed2b,2018-06-25 07:42:25.491
2018-06-18 07:14:01.000,2018-06-18 06:40:23.000,2018678,UTC+0100,1001,1.6600436,131.17203,1.4598489,2018-06-18 07:15:07.546,0e576581-b070-4191-8366-5fa00f8fa303.live_data.json,2946.9648,0e576581-b070-4191-8366-5fa00f8fa303,2018-06-18 07:15:07.546
2018-07-23 07:48:17.000,2018-07-23 07:24:00.000,1457472,UTC+0100,1001,1.6680307,94.57068,1.4505056,2018-07-23 07:51:45.974,0f226822-886c-4dde-a4bf-e543c36ff3c4.live_data.json,2114.0713,0f226822-886c-4dde-a4bf-e543c36ff3c4,2018-07-23 07:51:45.974
2018-08-14 15:14:49.000,2018-08-14 15:01:00.000,829791,UTC+0200,1001,1.559036,55.149414,1.4830024,2018-08-14 15:18:39.209,0f8f1ae8-ee91-4d95-b98d-61753c09078e.live_data.json,1230.582,0f8f1ae8-ee91-4d95-b98d-61753c09078e,2018-08-14 15:18:39.209
2018-08-15 11:18:17.000,2018-08-15 10:48:00.000,1816711,UTC+0200,1001,2.1153207,108.394775,1.3189163,2018-08-15 11:21:50.742,10c482e7-6886-4cad-b526-468fa6169e60.live_data.json,2396.0898,10c482e7-6886-4cad-b526-468fa6169e60,2018-08-15 11:21:50.742
2018-09-29 17:05:41.000,2018-09-29 16:50:00.000,941954,UTC+0200,1001,1.4480847,55.867554,1.2827681,2018-09-29 17:12:52.350,1218cbd1-1fed-47e8-a647-4e2c021b35a2.live_data.json,1208.3086,1218cbd1-1fed-47e8-a647-4e2c021b35a2,2018-09-29 17:12:52.350
2018-06-03 17:07:38.000,2018-06-03 16:12:00.000,3338093,UTC+0100,1001,1.8696785,189.84967,1.2368758,2018-06-03 17:11:11.860,15ceb26c-a2dc-4850-8d6a-02ebc40aac48.live_data.json,4128.8066,15ceb26c-a2dc-4850-8d6a-02ebc40aac48,2018-06-03 17:11:11.860
2018-09-23 14:37:00.000,2018-09-23 14:25:27.000,692039,UTC+0200,1001,1.5902364,40.80359,1.3109387,2018-09-23 14:43:10.235,1a3e039b-7cb4-4c9d-8bb3-156ba89903fb.live_data.json,907.2207,1a3e039b-7cb4-4c9d-8bb3-156ba89903fb,2018-09-23 14:43:10.235
2018-08-15 10:11:46.000,2018-08-15 09:50:00.000,1306537,UTC+0200,1001,1.6273104,81.596924,1.3811978,2018-08-15 10:46:57.710,1b29189f-4081-49c6-98fc-966d7a1f1bb1.live_data.json,1804.5859,1b29189f-4081-49c6-98fc-966d7a1f1bb1,2018-08-15 10:46:57.710
2018-11-04 14:33:04.000,2018-11-04 14:18:00.000,904082,UTC+0100,1001,2.0265548,50.165512,1.2335198,2018-11-04 16:14:59.807,1bd16559-4c78-486e-b589-c273717bf4f2.live_data.json,1115.2031,1bd16559-4c78-486e-b589-c273717bf4f2,2018-11-04 16:14:59.807
2018-06-19 07:10:17.000,2018-06-19 06:36:00.000,2057749,UTC+0100,1001,1.9830225,137.3565,1.4952008,2018-06-19 08:05:26.641,1c2af8cf-ae60-4a7e-b9f2-dc09c709e41b.live_data.json,3076.748,1c2af8cf-ae60-4a7e-b9f2-dc09c709e41b,2018-06-19 08:05:26.641
2018-06-07 16:43:07.000,2018-06-07 16:13:08.000,1798423,UTC+0100,1001,1.8656532,116.30139,1.456291,2018-06-07 16:44:46.647,1d0ff570-307f-429a-8f04-596b20e3d6d3.live_data.json,2619.0273,1d0ff570-307f-429a-8f04-596b20e3d6d3,2018-06-07 16:44:46.647
2018-06-17 17:01:37.000,2018-06-17 16:39:25.000,1332905,UTC+0100,1001,1.720532,80.97234,1.3630874,2018-06-17 17:03:14.045,203b9cdc-aafb-4eb2-9a40-5e58809d0144.live_data.json,1816.8662,203b9cdc-aafb-4eb2-9a40-5e58809d0144,2018-06-17 17:03:14.045
2018-11-02 11:31:13.000,2018-11-02 11:20:00.000,673177,UTC+0100,1001,1.3885809,36.66873,1.1581554,2018-11-02 11:35:00.103,21bbacca-1514-41d7-a39c-844f80de6b8f.live_data.json,779.64355,21bbacca-1514-41d7-a39c-844f80de6b8f,2018-11-02 11:35:00.103
2018-10-31 12:46:05.000,2018-10-31 12:21:17.000,1488411,UTC+0100,1001,1.9796139,93.80322,1.4061898,2018-10-31 12:47:55.858,22e775ec-342b-4024-9d27-5fc8291452a1.live_data.json,2092.9883,22e775ec-342b-4024-9d27-5fc8291452a1,2018-10-31 12:47:55.858
2018-09-22 08:26:41.000,2018-09-22 08:15:00.000,700770,UTC+0200,1001,1.6239568,46.99594,1.4942296,2018-09-22 08:33:09.017,23b1798a-bfee-452b-bdd4-ad3f66a562f0.live_data.json,1047.1113,23b1798a-bfee-452b-bdd4-ad3f66a562f0,2018-09-22 08:33:09.017
2018-08-11 09:05:11.000,2018-08-11 08:54:17.000,654520,UTC+0200,1001,1.6066325,37.801544,1.2930994,2018-08-11 09:07:52.008,259b762d-a43c-4f80-9e7a-5609e55fe7f8.live_data.json,846.3594,259b762d-a43c-4f80-9e7a-5609e55fe7f8,2018-08-11 09:07:52.008
2018-07-12 22:57:06.000,2018-07-12 22:34:10.000,1376243,UTC+0100,1001,1.7214162,79.94101,1.2991108,2018-07-12 23:00:48.737,2614009c-a2bf-4104-9792-c71a6cdc0016.live_data.json,1787.8922,2614009c-a2bf-4104-9792-c71a6cdc0016,2018-07-12 23:00:48.737
2018-09-28 16:42:38.000,2018-09-28 16:17:13.000,1524673,UTC+0200,1001,1.704943,92.59169,1.3314093,2018-09-28 16:52:05.714,263ada33-345c-483c-9dbe-5eb5453bd286.live_data.json,2029.9639,263ada33-345c-483c-9dbe-5eb5453bd286,2018-09-28 16:52:05.714
2019-01-20 15:47:29.699,2019-01-20 15:15:51.658,1882277,UTC+0100,1002,3.9666665,416.0,2.977355,2019-01-20 15:48:08.446,27f078ae-cbbe-4676-9148-fca3370f4eb7.live_data.json,5594.45,27f078ae-cbbe-4676-9148-fca3370f4eb7,2019-01-20 15:15:51.668
2018-08-08 14:48:30.000,2018-08-08 14:37:39.000,651332,UTC+0200,1001,1.6004051,41.686478,1.4243213,2018-08-08 14:54:13.122,29f168e2-e994-48e6-adb9-64325c0c7066.live_data.json,927.70605,29f168e2-e994-48e6-adb9-64325c0c7066,2018-08-08 14:54:13.122
2018-10-20 10:07:06.000,2018-10-20 09:54:14.000,772426,UTC+0200,1001,1.6692128,48.330017,1.4033353,2018-10-20 10:08:50.087,2b1442a7-46b7-4811-aeb0-7faf446d633a.live_data.json,1083.9727,2b1442a7-46b7-4811-aeb0-7faf446d633a,2018-10-20 10:08:50.087
2018-07-25 11:08:09.000,2018-07-25 10:52:00.000,969134,UTC+0100,1001,1.7449085,53.472168,1.2158668,2018-07-25 11:15:10.590,2c34700a-b644-4b6e-8c86-6ed22cbc974c.live_data.json,1178.3379,2c34700a-b644-4b6e-8c86-6ed22cbc974c,2018-07-25 11:15:10.590
2018-06-29 18:22:33.000,2018-06-29 17:56:00.000,1593446,UTC+0100,1001,1.6417742,99.562744,1.3914346,2018-06-29 18:25:20.645,2cbdfbef-928f-4a78-a2e9-6bfd8a91ca77.live_data.json,2217.1758,2cbdfbef-928f-4a78-a2e9-6bfd8a91ca77,2018-06-29 18:25:20.645
2018-07-07 12:30:12.000,2018-07-07 12:13:05.000,1027088,UTC+0100,1001,1.828105,62.881714,1.3564404,2018-07-07 12:35:00.046,2dadb07b-8e29-4d7e-89f1-e160f0dadbfa.live_data.json,1393.1836,2dadb07b-8e29-4d7e-89f1-e160f0dadbfa,2018-07-07 12:35:00.046
2018-06-14 07:17:28.000,2018-06-14 06:47:00.000,1828287,UTC+0100,1001,2.169131,113.77935,1.3955662,2018-06-14 07:19:52.144,2ed0cf89-bef2-4bab-be56-b28016a1d146.live_data.json,2551.4958,2ed0cf89-bef2-4bab-be56-b28016a1d146,2018-06-14 07:19:52.144
2018-10-07 13:47:41.000,2018-10-07 13:02:00.000,2740718,UTC+0200,1001,1.645156,165.03705,1.3140255,2018-10-07 13:55:00.034,2f47a01d-4502-4702-b242-68fe0064107e.live_data.json,3601.373,2f47a01d-4502-4702-b242-68fe0064107e,2018-10-07 13:55:00.034
2018-11-10 14:06:40.000,2018-11-10 13:38:00.000,1720710,UTC+0100,1001,1.6183574,106.45059,1.375043,2018-11-10 14:07:49.911,2f9f0d06-891f-44f6-8b90-efb0e268d156.live_data.json,2366.0503,2f9f0d06-891f-44f6-8b90-efb0e268d156,2018-11-10 14:07:49.911
2018-06-17 18:56:20.000,2018-06-17 18:33:01.000,1398578,UTC+0100,1001,1.6495198,93.81105,1.4992145,2018-06-17 19:01:43.606,3141da06-f27c-492f-8465-ca7966b5bb0c.live_data.json,2096.7686,3141da06-f27c-492f-8465-ca7966b5bb0c,2018-06-17 19:01:43.606
2018-06-24 14:21:55.000,2018-06-24 13:48:00.000,2035569,UTC+0100,1001,1.484944,119.24548,1.2667181,2018-06-24 14:29:19.482,35173c3b-2fb1-4a9e-9f0d-104c14915a64.live_data.json,2578.4922,35173c3b-2fb1-4a9e-9f0d-104c14915a64,2018-06-24 14:29:19.482
2018-08-04 12:56:38.000,2018-08-04 12:45:00.000,698593,UTC+0200,1001,1.5332409,38.286377,1.1885602,2018-08-04 12:56:21.072,361acd40-fc4e-4476-b143-61d82a539391.live_data.json,830.3198,361acd40-fc4e-4476-b143-61d82a539391,2018-08-04 12:56:21.072
2019-01-01 18:20:16.000,2019-01-01 18:09:00.000,676544,UTC+0100,1001,1.7877091,39.253876,1.3138007,2019-01-01 18:22:48.635,3644e432-4ae4-4a9e-9b32-14c5353018c6.live_data.json,888.844,3644e432-4ae4-4a9e-9b32-14c5353018c6,2019-01-01 18:22:48.635
2018-12-13 12:14:05.000,2018-12-13 12:01:00.000,784801,UTC+0100,1001,2.5392818,50.227875,1.4621491,2018-12-13 12:16:04.367,36dc1105-05d0-49a1-8ba3-e43e53788e8d.live_data.json,1147.4961,36dc1105-05d0-49a1-8ba3-e43e53788e8d,2018-12-13 12:16:04.367
2018-08-06 07:35:21.000,2018-08-06 07:22:17.000,783839,UTC+0200,1001,3.3336284,51.26146,1.4823523,2018-08-06 07:39:48.372,37344ec5-0c68-4062-9129-bcf6d29ff592.live_data.json,1161.9255,37344ec5-0c68-4062-9129-bcf6d29ff592,2018-08-06 07:39:48.372
2019-01-17 14:11:07.000,2019-01-17 14:00:00.000,667373,UTC+0100,1001,1.7029794,42.32692,1.4471565,2019-01-17 14:15:00.117,373f2ec0-7f4f-412b-81fe-5380649e00e4.live_data.json,965.7932,373f2ec0-7f4f-412b-81fe-5380649e00e4,2019-01-17 14:15:00.117
2018-06-19 17:09:27.000,2018-06-19 16:39:00.000,1827409,UTC+0100,1001,1.6145589,116.72455,1.4179149,2018-06-19 17:11:42.002,383fc27b-4cff-42ea-93e4-35a333c43444.live_data.json,2591.1104,383fc27b-4cff-42ea-93e4-35a333c43444,2018-06-19 17:11:42.002
2018-10-19 17:54:50.000,2018-10-19 17:40:11.000,878573,UTC+0200,1001,1.7697285,57.95105,1.4979914,2018-10-19 18:00:15.463,38963059-ad3f-4f6c-a715-1dca821a5696.live_data.json,1316.0947,38963059-ad3f-4f6c-a715-1dca821a5696,2018-10-19 18:00:15.463
2018-11-10 14:40:06.000,2018-11-10 14:10:00.000,1806073,UTC+0100,1001,2.2106802,104.592255,1.2799189,2018-11-10 14:55:00.045,38f42c61-6166-4449-9932-97f7a49a7603.live_data.json,2311.627,38f42c61-6166-4449-9932-97f7a49a7603,2018-11-10 14:55:00.045
2018-07-02 18:59:14.000,2018-07-02 18:43:33.000,941449,UTC+0100,1001,1.546391,60.84674,1.4273689,2018-07-02 19:23:29.451,397345aa-2a9b-4987-8bed-9fb8c3420cb1.live_data.json,1343.7949,397345aa-2a9b-4987-8bed-9fb8c3420cb1,2018-07-02 19:23:29.451
2018-07-25 10:43:08.000,2018-07-25 10:09:08.000,2039928,UTC+0100,1001,2.1227942,128.23315,1.3863646,2018-07-25 10:44:18.448,39803365-b940-42f2-8251-1a1e898e31f2.live_data.json,2828.084,39803365-b940-42f2-8251-1a1e898e31f2,2018-07-25 10:44:18.448
2018-06-11 08:09:06.000,2018-06-11 07:33:13.000,2153290,UTC+0100,1001,1.8683261,134.18872,1.3952193,2018-06-11 08:10:09.314,3b24a971-2d09-4d3b-b051-490e8a57e961.live_data.json,3004.3118,3b24a971-2d09-4d3b-b051-490e8a57e961,2018-06-11 08:10:09.314
2018-12-16 09:27:21.000,2018-12-16 09:03:00.000,1461568,UTC+0100,1001,1.7602018,94.46335,1.4540434,2018-12-16 09:28:35.953,3b62d511-69bd-452e-af44-cfbc5238cf1b.live_data.json,2125.1833,3b62d511-69bd-452e-af44-cfbc5238cf1b,2018-12-16 09:28:35.953
2018-07-24 07:21:03.000,2018-07-24 06:44:00.000,2223126,UTC+0100,1001,1.7635537,138.6631,1.3915545,2018-07-24 07:22:05.586,3c28bdbe-8e61-4265-b427-6dc953e6af7e.live_data.json,3093.601,3c28bdbe-8e61-4265-b427-6dc953e6af7e,2018-07-24 07:22:05.586
2018-08-18 16:03:29.000,2018-08-18 15:52:00.000,689057,UTC+0200,1001,1.7210926,42.49054,1.3578424,2018-08-18 16:15:00.046,3c61c155-1e86-4a12-9979-2a66f4854f30.live_data.json,935.63086,3c61c155-1e86-4a12-9979-2a66f4854f30,2018-08-18 16:15:00.046
2018-09-30 11:11:06.000,2018-09-30 10:44:06.000,1620355,UTC+0200,1001,3.2954814,82.04651,1.1026772,2018-09-30 11:12:22.394,3cd2abe4-b309-4e6b-afb7-bbeed7185e43.live_data.json,1786.7285,3cd2abe4-b309-4e6b-afb7-bbeed7185e43,2018-09-30 11:12:22.394
2018-07-03 20:33:00.000,2018-07-03 20:00:00.000,1980942,UTC+0100,1001,1.6882174,126.56503,1.4333394,2018-07-03 20:42:19.129,3d24dbeb-606d-4cb6-a1d0-9fca5ca5cbd0.live_data.json,2839.3618,3d24dbeb-606d-4cb6-a1d0-9fca5ca5cbd0,2018-07-03 20:42:19.129
2018-07-11 16:18:05.000,2018-07-11 15:52:04.000,1560926,UTC+0100,1001,1.6629678,96.93042,1.3890518,2018-07-11 16:19:55.956,3ecd0eaa-678c-4c9e-9976-897ec4f19af1.live_data.json,2168.207,3ecd0eaa-678c-4c9e-9976-897ec4f19af1,2018-07-11 16:19:55.956
2018-07-03 16:31:07.000,2018-07-03 16:04:05.000,1622265,UTC+0100,1001,1.8087806,99.78258,1.3963991,2018-07-03 16:33:48.427,3f64518d-75ea-422b-a052-0d28227f3d88.live_data.json,2265.3296,3f64518d-75ea-422b-a052-0d28227f3d88,2018-07-03 16:33:48.427
2018-06-12 16:20:53.000,2018-06-12 15:57:16.000,1417052,UTC+0100,1001,1.7307204,98.13331,1.5635948,2018-06-12 16:21:58.316,419d5dc6-8325-4f35-bfa8-55b0bed5b7e8.live_data.json,2215.6953,419d5dc6-8325-4f35-bfa8-55b0bed5b7e8,2018-06-12 16:21:58.316
2018-07-25 12:41:06.000,2018-07-25 11:49:00.000,3126489,UTC+0100,1001,1.6468716,191.48132,1.3463628,2018-07-25 12:42:21.137,425f9500-186c-4e40-815a-35a667bae899.live_data.json,4209.3887,425f9500-186c-4e40-815a-35a667bae899,2018-07-25 12:42:21.137
2018-08-18 14:24:06.000,2018-08-18 14:10:05.000,840934,UTC+0200,1001,1.5386076,54.282593,1.4186457,2018-08-18 14:29:06.038,44739f00-a875-4740-adc1-da23cfac2570.live_data.json,1192.9873,44739f00-a875-4740-adc1-da23cfac2570,2018-08-18 14:29:06.038
2018-08-09 16:21:04.000,2018-08-09 16:03:00.000,1084872,UTC+0200,1001,1.5743674,67.554474,1.3698269,2018-08-09 16:24:19.704,44caa9e5-f366-4513-af33-abbf2b8657eb.live_data.json,1486.0869,44caa9e5-f366-4513-af33-abbf2b8657eb,2018-08-09 16:24:19.704
2018-07-13 08:56:07.000,2018-07-13 08:19:00.000,2226806,UTC+0100,1001,1.869629,139.08223,1.4108889,2018-07-13 08:57:20.121,4574b24d-322f-4997-993c-54cd2732f0ba.live_data.json,3141.776,4574b24d-322f-4997-993c-54cd2732f0ba,2018-07-13 08:57:20.121
2018-08-11 18:55:04.000,2018-08-11 18:36:04.000,1140015,UTC+0200,1001,1.5353396,66.59857,1.2788466,2018-08-11 18:57:24.657,46b1b64c-4e3d-4558-877f-636354395b42.live_data.json,1457.9043,46b1b64c-4e3d-4558-877f-636354395b42,2018-08-11 18:57:24.657
2018-12-08 18:04:04.000,2018-12-08 17:12:34.000,3090227,UTC+0100,1001,1.601165,183.20142,1.3176411,2018-12-08 18:10:22.254,46c3e944-3781-41b1-ab2f-dfcdc427ae57.live_data.json,4071.8105,46c3e944-3781-41b1-ab2f-dfcdc427ae57,2018-12-08 18:10:22.254
2018-07-12 07:43:23.000,2018-07-12 07:08:19.000,2104236,UTC+0100,1001,1.6577371,138.00421,1.4749703,2018-07-12 09:09:11.684,47a56a1b-7738-48ff-b5de-d219a040f096.live_data.json,3103.6855,47a56a1b-7738-48ff-b5de-d219a040f096,2018-07-12 09:09:11.684
2018-10-10 17:11:03.000,2018-10-10 17:00:10.000,652962,UTC+0200,1001,1.8230475,43.32242,1.5070934,2018-10-10 17:29:12.792,4829c0c5-6b6a-4389-95fb-d3aef83fbda0.live_data.json,984.0747,4829c0c5-6b6a-4389-95fb-d3aef83fbda0,2018-10-10 17:29:12.792
2018-07-10 07:19:21.000,2018-07-10 06:43:01.000,2179682,UTC+0100,1001,1.7680101,139.03918,1.4309775,2018-07-10 07:21:28.199,499af606-5480-4d93-bccf-6f49cef807b2.live_data.json,3119.0757,499af606-5480-4d93-bccf-6f49cef807b2,2018-07-10 07:21:28.199
2018-10-20 19:18:38.000,2018-10-20 19:02:00.000,998841,UTC+0200,1001,1.7042915,69.4628,1.5797079,2018-10-20 19:20:32.008,4a053348-b526-46e8-b28c-14b5c88d0bbe.live_data.json,1577.877,4a053348-b526-46e8-b28c-14b5c88d0bbe,2018-10-20 19:20:32.008
2018-07-03 15:38:53.000,2018-07-03 15:05:00.000,2033006,UTC+0100,1001,1.6506587,126.23944,1.3937415,2018-07-03 15:41:06.484,4aa3dd0c-6490-4812-ac48-ea49e39707b8.live_data.json,2833.4849,4aa3dd0c-6490-4812-ac48-ea49e39707b8,2018-07-03 15:41:06.484
2018-11-10 16:07:51.000,2018-11-10 15:55:00.000,771186,UTC+0100,1001,1.543319,46.01483,1.2773713,2018-11-10 16:12:13.147,4ae72b71-b5ca-4803-bb3c-65895d4ed1a5.live_data.json,985.0908,4ae72b71-b5ca-4803-bb3c-65895d4ed1a5,2018-11-10 16:12:13.147
2018-06-21 07:23:19.000,2018-06-21 06:49:07.000,2051427,UTC+0100,1001,1.7683579,131.70276,1.4488286,2018-06-21 07:52:35.382,4afdf903-60c6-407d-8fcc-537bed538769.live_data.json,2972.166,4afdf903-60c6-407d-8fcc-537bed538769,2018-06-21 07:52:35.382
2018-07-12 18:39:39.000,2018-07-12 18:27:04.000,755080,UTC+0100,1001,1.5750294,44.782818,1.3028967,2018-07-12 18:40:59.612,4c60753a-4752-4b98-b606-d53fc62c9b57.live_data.json,983.79126,4c60753a-4752-4b98-b606-d53fc62c9b57,2018-07-12 18:40:59.612
2018-09-29 16:48:13.000,2018-09-29 16:33:00.000,913688,UTC+0200,1001,1.7027934,49.03418,1.1400355,2018-09-29 16:49:20.673,4eb0863f-3581-4b5d-a0e6-cbe7ab5d7965.live_data.json,1041.6367,4eb0863f-3581-4b5d-a0e6-cbe7ab5d7965,2018-09-29 16:49:20.673
2018-06-29 07:39:04.000,2018-06-29 07:02:00.000,2224619,UTC+0100,1001,3.2591002,140.20801,1.423978,2018-06-29 07:41:34.458,4ff71e27-09b1-48ed-92d0-e96e7421ae5a.live_data.json,3167.8086,4ff71e27-09b1-48ed-92d0-e96e7421ae5a,2018-06-29 07:41:34.458
2018-06-05 16:32:43.000,2018-06-05 16:13:09.000,1174030,UTC+0100,1001,2.2546115,74.385254,1.4135939,2018-06-05 16:33:53.570,514b3438-0868-4d83-b23f-2b6d651b9e1d.live_data.json,1659.6016,514b3438-0868-4d83-b23f-2b6d651b9e1d,2018-06-05 16:33:53.570
2018-08-10 15:16:46.000,2018-08-10 14:51:23.000,1523893,UTC+0200,1001,2.1668866,103.74994,1.5107799,2018-08-10 15:19:14.214,546ef210-86ef-4c3d-b53c-1ebac727e617.live_data.json,2302.2668,546ef210-86ef-4c3d-b53c-1ebac727e617,2018-08-10 15:19:14.214
2018-08-06 10:15:01.000,2018-08-06 09:48:13.000,1607524,UTC+0200,1001,1.7009591,96.66937,1.3306572,2018-08-06 10:16:00.354,55fb3026-85f4-42e7-95b6-f92ff1eaf694.live_data.json,2139.0635,55fb3026-85f4-42e7-95b6-f92ff1eaf694,2018-08-06 10:16:00.354
2019-01-15 16:03:31.032,2019-01-15 15:31:44.951,1905457,UTC+0100,1002,3.6599998,420.0,2.941799,2019-01-15 16:04:56.631,562c0430-e6d4-4f79-94c0-fa0c05314bd5.live_data.json,5592.36,562c0430-e6d4-4f79-94c0-fa0c05314bd5,2019-01-15 15:31:44.961
2018-11-02 17:17:04.000,2018-11-02 16:18:00.000,3543485,UTC+0100,1001,1.8374181,210.69531,1.3129044,2018-11-02 17:23:50.981,5643843f-6ae5-429c-b8bd-019ce2c5fc27.live_data.json,4652.257,5643843f-6ae5-429c-b8bd-019ce2c5fc27,2018-11-02 17:23:50.981
2018-06-18 16:50:33.000,2018-06-18 16:15:13.000,2119034,UTC+0100,1001,1.6783743,136.1784,1.4238892,2018-06-18 17:11:43.689,56ccaef4-e7af-4f7b-bc64-fd70d3141fad.live_data.json,3017.2695,56ccaef4-e7af-4f7b-bc64-fd70d3141fad,2018-06-18 17:11:43.689
2018-11-11 15:34:09.000,2018-11-11 13:34:05.000,7203396,UTC+0100,1001,1.6134883,414.23315,1.2627851,2018-11-11 15:40:03.448,57aa57d0-46de-406a-825d-7df89d00fd42.live_data.json,9096.341,57aa57d0-46de-406a-825d-7df89d00fd42,2018-11-11 15:40:03.448
2018-10-21 13:58:12.000,2018-10-21 13:39:00.000,1152168,UTC+0200,1001,1.66183,74.78525,1.4475269,2018-10-21 14:01:08.615,5826474f-8b6c-4946-a19b-66517e3e12d3.live_data.json,1667.7942,5826474f-8b6c-4946-a19b-66517e3e12d3,2018-10-21 14:01:08.615
2018-08-18 13:29:05.000,2018-08-18 12:57:04.000,1920562,UTC+0200,1001,1.649377,112.34793,1.290735,2018-08-18 13:41:40.232,58d0755a-186a-473e-acc5-044bd1b77b89.live_data.json,2478.9365,58d0755a-186a-473e-acc5-044bd1b77b89,2018-08-18 13:41:40.232
2018-07-25 09:59:37.000,2018-07-25 09:35:00.000,1477585,UTC+0100,1001,1.7686666,89.51514,1.3396332,2018-07-25 10:06:48.927,58e713bb-8a32-4317-8c32-4c187357410b.live_data.json,1979.4219,58e713bb-8a32-4317-8c32-4c187357410b,2018-07-25 10:06:48.927
2018-10-27 20:14:24.000,2018-10-27 20:03:00.000,684325,UTC+0200,1001,3.7077806,46.59555,1.4375236,2018-10-28 14:07:25.855,59dacc50-809a-43ac-b722-b53c69da3267.live_data.json,983.7334,59dacc50-809a-43ac-b722-b53c69da3267,2018-10-28 14:07:25.855
2018-08-11 14:08:58.000,2018-08-11 13:47:00.000,1318099,UTC+0200,1001,1.5946295,74.72064,1.2494452,2018-08-11 14:12:32.333,5bf29ac0-7514-4ea0-95c7-449cb4c72c72.live_data.json,1646.8926,5bf29ac0-7514-4ea0-95c7-449cb4c72c72,2018-08-11 14:12:32.333
2018-08-23 09:56:11.000,2018-08-23 09:41:10.000,901131,UTC+0200,1001,1.615254,51.01969,1.2435076,2018-08-23 10:04:42.279,5d221fbc-8ab1-4c60-9c96-08165860f6ba.live_data.json,1120.5632,5d221fbc-8ab1-4c60-9c96-08165860f6ba,2018-08-23 10:04:42.279
2018-06-30 06:38:36.000,2018-06-30 06:04:00.000,2075844,UTC+0100,1001,1.6528668,133.33301,1.442098,2018-06-30 06:39:42.027,5d3d93f9-eee4-4e2d-ba0b-42284482910d.live_data.json,2993.5703,5d3d93f9-eee4-4e2d-ba0b-42284482910d,2018-06-30 06:39:42.027
2019-01-19 17:30:14.000,2019-01-19 17:19:00.000,674194,UTC+0100,1001,1.6777977,37.09146,1.2310822,2019-01-19 17:35:27.536,5dac1b21-c4bc-43ea-abb6-0801bb274559.live_data.json,829.9883,5dac1b21-c4bc-43ea-abb6-0801bb274559,2019-01-19 17:35:27.536
2018-06-15 07:49:21.000,2018-06-15 07:13:02.000,2178690,UTC+0100,1001,1.8944644,140.6438,1.4457257,2018-06-15 08:02:17.040,5e48ee21-5cc5-4847-8543-4bbc648f584f.live_data.json,3149.788,5e48ee21-5cc5-4847-8543-4bbc648f584f,2018-06-15 08:02:17.040
2018-10-06 13:57:08.000,2018-10-06 13:41:17.000,950425,UTC+0200,1001,1.5747217,61.496155,1.4358318,2018-10-06 14:00:20.568,60473042-5200-4cfe-9c44-2f42b9fa61a2.live_data.json,1364.6504,60473042-5200-4cfe-9c44-2f42b9fa61a2,2018-10-06 14:00:20.568
2018-07-01 14:01:46.000,2018-07-01 13:49:14.000,752327,UTC+0100,1001,1.5485778,47.896606,1.411421,2018-07-01 14:03:22.045,60921285-1cb7-499c-b94b-6939d4729c28.live_data.json,1061.8501,60921285-1cb7-499c-b94b-6939d4729c28,2018-07-01 14:03:22.045
2018-08-12 16:40:35.000,2018-08-12 16:22:01.000,1113876,UTC+0200,1001,1.5965083,67.53052,1.3347046,2018-08-12 16:47:20.239,6094c990-bf7f-4926-bc2a-80dc1665aa90.live_data.json,1486.6953,6094c990-bf7f-4926-bc2a-80dc1665aa90,2018-08-12 16:47:20.239
2018-11-29 07:01:05.000,2018-11-29 06:41:00.000,1205156,UTC+0100,1001,1.8599685,74.26903,1.3718913,2018-11-29 07:04:26.701,60bb7f2f-dfdb-42a0-a40f-17e9d76fa536.live_data.json,1653.343,60bb7f2f-dfdb-42a0-a40f-17e9d76fa536,2018-11-29 07:04:26.701
2018-07-16 20:27:32.000,2018-07-16 19:51:00.000,2191568,UTC+0100,1001,2.814172,136.47871,1.4018025,2018-07-16 20:30:03.319,63367027-8083-4355-9cac-159409772ab9.live_data.json,3072.1458,63367027-8083-4355-9cac-159409772ab9,2018-07-16 20:30:03.319
2018-07-29 09:37:20.000,2018-07-29 09:26:00.000,680216,UTC+0100,1001,1.5442582,38.128265,1.2258435,2018-07-29 09:40:51.766,6386b7e7-bf80-4362-8649-bdd20ccf29f2.live_data.json,833.8384,6386b7e7-bf80-4362-8649-bdd20ccf29f2,2018-07-29 09:40:51.766
2018-08-18 17:01:12.000,2018-08-18 16:27:03.000,2049783,UTC+0200,1001,1.8296303,134.85852,1.4856517,2018-08-18 17:03:26.089,643b1b92-9201-41b3-b44f-281aefa1839c.live_data.json,3045.2637,643b1b92-9201-41b3-b44f-281aefa1839c,2018-08-18 17:03:26.089
2018-12-07 19:00:42.000,2018-12-07 18:48:03.000,759166,UTC+0100,1001,1.6153617,46.676086,1.3377717,2018-12-07 19:06:35.141,657fd9d1-b0ce-4845-b068-1cdff2167e53.live_data.json,1015.5908,657fd9d1-b0ce-4845-b068-1cdff2167e53,2018-12-07 19:06:35.141
2018-10-10 19:01:25.000,2018-10-10 18:50:06.000,678617,UTC+0200,1001,2.0375202,44.42798,1.440339,2018-10-10 19:18:00.658,66f19dfa-4620-4155-9ee0-eda2127a5304.live_data.json,977.4385,66f19dfa-4620-4155-9ee0-eda2127a5304,2018-10-10 19:18:00.658
2018-07-24 17:10:10.000,2018-07-24 16:35:06.000,2103964,UTC+0100,1001,1.6816655,124.56262,1.3075905,2018-07-24 17:13:46.027,6add846d-f3c4-497e-8f3a-bde3ae17d481.live_data.json,2751.123,6add846d-f3c4-497e-8f3a-bde3ae17d481,2018-07-24 17:13:46.027
2018-08-11 08:22:07.000,2018-08-11 08:02:00.000,1206726,UTC+0200,1001,1.6574913,72.48093,1.345556,2018-08-11 08:24:59.757,6b351615-cb6c-4df4-b2da-7328971f7eeb.live_data.json,1623.7173,6b351615-cb6c-4df4-b2da-7328971f7eeb,2018-08-11 08:24:59.757
2018-07-17 19:10:31.000,2018-07-17 18:38:11.000,1940785,UTC+0100,1001,1.820939,135.70584,1.5774293,2018-07-17 19:12:21.734,6bad3631-ec15-4187-8d64-f719b6758b20.live_data.json,3061.4512,6bad3631-ec15-4187-8d64-f719b6758b20,2018-07-17 19:12:21.734
2018-06-06 15:18:06.000,2018-06-06 14:42:11.000,2154648,UTC+0100,1001,2.2591257,136.3031,1.4201329,2018-06-06 15:20:22.757,6ce5c278-7dc7-4510-acae-0823bc036b4d.live_data.json,3059.8867,6ce5c278-7dc7-4510-acae-0823bc036b4d,2018-06-06 15:20:22.757
2018-07-23 21:03:06.000,2018-07-23 20:37:21.000,1544365,UTC+0100,1001,1.6518105,102.745544,1.4924812,2018-07-23 21:08:04.847,6d51f369-32c8-4377-8ec6-25a9efa75db7.live_data.json,2304.9358,6d51f369-32c8-4377-8ec6-25a9efa75db7,2018-07-23 21:08:04.847
2019-01-13 19:38:09.000,2019-01-13 19:27:11.000,658317,UTC+0100,1001,1.6367643,37.141174,1.2627934,2019-01-13 19:40:31.153,6ef8ad87-bb02-48eb-b9c4-893079bbcded.live_data.json,831.31836,6ef8ad87-bb02-48eb-b9c4-893079bbcded,2019-01-13 19:40:31.153
2018-11-13 13:57:04.000,2018-11-13 13:45:16.000,708280,UTC+0100,1001,2.5894191,42.887512,1.3674505,2018-11-13 14:01:16.775,6fe2518f-6354-4964-b85c-113fc904f9b8.live_data.json,968.53784,6fe2518f-6354-4964-b85c-113fc904f9b8,2018-11-13 14:01:16.775
2018-07-14 12:44:05.000,2018-07-14 12:03:18.000,2447272,UTC+0100,1001,1.6974702,142.60602,1.2993598,2018-07-14 12:45:26.924,702878b2-3e46-4214-b5a5-503ed21f275b.live_data.json,3179.8867,702878b2-3e46-4214-b5a5-503ed21f275b,2018-07-14 12:45:26.924
2018-10-12 15:35:24.000,2018-10-12 15:21:00.000,863982,UTC+0200,1001,1.6490816,55.2641,1.4146198,2018-10-12 15:44:41.520,7077f855-e9fd-4156-afb3-df3d908e6da5.live_data.json,1222.206,7077f855-e9fd-4156-afb3-df3d908e6da5,2018-10-12 15:44:41.520
2018-08-25 09:44:35.000,2018-08-25 09:33:14.000,681580,UTC+0200,1001,1.5547705,40.4021,1.3159738,2018-08-25 09:55:00.037,721e10f6-6eb1-4508-837b-241c0d090373.live_data.json,896.9414,721e10f6-6eb1-4508-837b-241c0d090373,2018-08-25 09:55:00.037
2018-06-30 19:24:09.000,2018-06-30 18:32:20.000,3109307,UTC+0100,1001,2.1154644,172.88492,1.2188805,2018-06-30 19:38:45.929,727119b7-6c49-4927-a6bd-34f573b8945d.live_data.json,3789.8735,727119b7-6c49-4927-a6bd-34f573b8945d,2018-06-30 19:38:45.929
2018-11-03 17:00:12.000,2018-11-03 16:49:25.000,647497,UTC+0100,1001,1.6097249,35.84314,1.2397405,2018-11-03 17:01:13.335,72b84218-075a-428c-b081-7c28d85f6bdc.live_data.json,802.7283,72b84218-075a-428c-b081-7c28d85f6bdc,2018-11-03 17:01:13.335
2018-10-06 23:50:02.000,2018-10-06 23:30:00.000,1202132,UTC+0200,1001,1.9475418,77.83215,1.4306905,2018-10-06 23:57:34.705,73622eb0-5e79-4c4b-93e7-6f3a86431fd1.live_data.json,1719.8789,73622eb0-5e79-4c4b-93e7-6f3a86431fd1,2018-10-06 23:57:34.705
2018-11-30 19:58:28.000,2018-11-30 19:42:00.000,987901,UTC+0100,1001,2.6039,62.80255,1.415638,2018-11-30 20:01:20.584,73a36046-714b-46e4-855e-14b765c01184.live_data.json,1398.5103,73a36046-714b-46e4-855e-14b765c01184,2018-11-30 20:01:20.584
2018-08-18 12:46:17.000,2018-08-18 12:32:00.000,857481,UTC+0200,1001,2.1489294,47.54724,1.2389072,2018-08-18 12:54:40.844,73e13f74-a6e0-4f2b-89cd-9a6f5a2e6b61.live_data.json,1062.3394,73e13f74-a6e0-4f2b-89cd-9a6f5a2e6b61,2018-08-18 12:54:40.844
2018-07-06 19:00:25.000,2018-07-06 18:28:00.000,1944562,UTC+0100,1001,1.6370535,121.40234,1.3878497,2018-07-06 19:14:02.862,756b7be5-f4f7-4179-b190-02ac5015a8dc.live_data.json,2698.7598,756b7be5-f4f7-4179-b190-02ac5015a8dc,2018-07-06 19:14:02.862
2018-10-07 16:17:10.000,2018-10-07 16:06:18.000,652360,UTC+0200,1001,1.9414388,47.14734,1.5994512,2018-10-07 16:21:29.307,78cf7d6e-518a-41ca-bb16-7519a5c8cdd1.live_data.json,1043.418,78cf7d6e-518a-41ca-bb16-7519a5c8cdd1,2018-10-07 16:21:29.307
2018-10-13 13:06:48.000,2018-10-13 12:53:12.000,815988,UTC+0200,1001,1.5641813,52.310852,1.4102392,2018-10-13 13:09:21.864,7b69d96d-57fc-4456-abe4-3b4ab1eaa266.live_data.json,1150.7383,7b69d96d-57fc-4456-abe4-3b4ab1eaa266,2018-10-13 13:09:21.864
2018-11-16 22:11:29.000,2018-11-16 21:58:03.000,805503,UTC+0100,1001,1.7019523,51.11563,1.4138863,2018-11-16 23:20:56.995,7ba17d88-42a0-4a42-9af4-def6f9ae2001.live_data.json,1138.8896,7ba17d88-42a0-4a42-9af4-def6f9ae2001,2018-11-16 23:20:56.995
2018-07-07 10:58:30.000,2018-07-07 10:46:09.000,741013,UTC+0100,1001,2.0276704,47.866455,1.4505112,2018-07-07 11:05:42.762,7d09c8f4-8674-4f79-89e6-0891e471c77a.live_data.json,1074.8477,7d09c8f4-8674-4f79-89e6-0891e471c77a,2018-07-07 11:05:42.762
2018-08-27 10:59:53.000,2018-08-27 10:46:08.000,824342,UTC+0200,1001,2.2812245,55.028427,1.4803283,2018-08-27 11:05:21.661,7d7ab76a-a19f-4d1f-b21a-eb88bd63b63a.live_data.json,1220.2969,7d7ab76a-a19f-4d1f-b21a-eb88bd63b63a,2018-08-27 11:05:21.661
2018-11-09 12:50:37.000,2018-11-09 12:38:00.000,757198,UTC+0100,1001,3.2807093,50.354866,1.4744815,2018-11-09 12:51:48.876,7ff43736-36f5-451a-8613-7983f7a4dec4.live_data.json,1116.4744,7ff43736-36f5-451a-8613-7983f7a4dec4,2018-11-09 12:51:48.876
2018-09-27 10:53:07.000,2018-09-27 10:30:06.000,1381028,UTC+0200,1001,1.5135802,84.68283,1.3303447,2018-09-27 10:58:36.552,8136ec85-8edc-4ecf-958f-f786d8521bba.live_data.json,1837.2432,8136ec85-8edc-4ecf-958f-f786d8521bba,2018-09-27 10:58:36.552
2018-12-22 17:30:08.000,2018-12-22 17:10:00.000,1208516,UTC+0100,1001,1.5299765,64.69464,1.1546913,2018-12-22 17:49:42.894,839d55fe-6828-4f89-a163-42004d817505.live_data.json,1395.4629,839d55fe-6828-4f89-a163-42004d817505,2018-12-22 17:49:42.894
2018-08-15 12:45:09.000,2018-08-15 12:20:00.000,1509649,UTC+0200,1001,1.5713519,87.811035,1.2681316,2018-08-15 12:55:00.038,84299191-f9ea-4bbd-863a-d7f8b9ef41e9.live_data.json,1914.4336,84299191-f9ea-4bbd-863a-d7f8b9ef41e9,2018-08-15 12:55:00.038
2018-08-04 20:22:34.000,2018-08-04 20:06:12.000,982592,UTC+0200,1001,1.4982497,60.701965,1.3391061,2018-08-04 20:25:39.239,8536a99e-6a7c-40d5-952b-827cf86b1534.live_data.json,1315.7949,8536a99e-6a7c-40d5-952b-827cf86b1534,2018-08-04 20:25:39.239
2018-11-04 11:48:05.000,2018-11-04 11:35:00.000,785483,UTC+0100,1001,1.6561621,52.16145,1.4898442,2018-11-04 12:53:14.407,85905aec-fe77-4746-8a0a-cb4e0e598ad2.live_data.json,1170.2473,85905aec-fe77-4746-8a0a-cb4e0e598ad2,2018-11-04 12:53:14.407
2018-12-14 12:06:16.000,2018-12-14 11:55:04.000,672443,UTC+0100,1001,1.6540087,42.03968,1.4063232,2018-12-14 12:06:18.418,85afd384-6fa7-45a1-be26-731a072717f2.live_data.json,945.6722,85afd384-6fa7-45a1-be26-731a072717f2,2018-12-14 12:06:18.418
2018-08-06 11:47:10.000,2018-08-06 11:14:00.000,1990604,UTC+0200,1001,2.0010808,129.93619,1.4668185,2018-08-06 11:48:11.050,86ef2d95-cbd6-444c-9d6c-b25729bfdd2e.live_data.json,2919.8545,86ef2d95-cbd6-444c-9d6c-b25729bfdd2e,2018-08-06 11:48:11.050
2018-07-11 07:16:01.000,2018-07-11 06:41:03.000,2097925,UTC+0100,1001,1.7184131,137.63965,1.47639,2018-07-11 07:18:19.238,873225fb-9ec6-4e5f-adba-3ae47ae7c8a3.live_data.json,3097.3555,873225fb-9ec6-4e5f-adba-3ae47ae7c8a3,2018-07-11 07:18:19.238
2018-08-12 08:35:56.000,2018-08-12 08:17:18.000,1117934,UTC+0200,1001,1.7007654,74.34515,1.4961891,2018-08-12 09:26:27.557,87fbbdeb-7142-4e54-bf73-5d764bf886d9.live_data.json,1672.6406,87fbbdeb-7142-4e54-bf73-5d764bf886d9,2018-08-12 09:26:27.557
2018-07-25 08:36:00.000,2018-07-25 08:22:08.000,831922,UTC+0100,1001,1.9966382,54.560913,1.4833944,2018-07-25 08:46:15.475,88c826d5-7279-48f8-b36d-c6a587c83dc0.live_data.json,1234.0684,88c826d5-7279-48f8-b36d-c6a587c83dc0,2018-07-25 08:46:15.475
2018-10-30 14:49:15.000,2018-10-30 14:36:11.000,784798,UTC+0100,1001,2.9071066,52.188965,1.4128212,2018-10-30 14:53:00.776,89f1c60d-ddf7-4f87-baa1-8866df8c50e5.live_data.json,1108.7793,89f1c60d-ddf7-4f87-baa1-8866df8c50e5,2018-10-30 14:53:00.776
2018-07-24 18:33:03.000,2018-07-24 18:22:31.000,631987,UTC+0100,1001,1.5634177,40.36194,1.4042795,2018-07-24 18:34:04.004,8a7c4aae-48bd-4bbe-b620-90d1074b0095.live_data.json,887.4863,8a7c4aae-48bd-4bbe-b620-90d1074b0095,2018-07-24 18:34:04.004
2018-08-13 12:35:10.000,2018-08-13 12:13:04.000,1325446,UTC+0200,1001,3.4722223,85.374146,1.4383941,2018-08-13 12:39:25.045,8af7e781-1212-4174-80c6-bdb45a8c762e.live_data.json,1906.5137,8af7e781-1212-4174-80c6-bdb45a8c762e,2018-08-13 12:39:25.045
2018-07-04 06:58:01.000,2018-07-04 06:41:05.000,1016453,UTC+0100,1001,1.9431372,67.17804,1.4924899,2018-07-04 07:02:12.351,8b00c9cf-d00b-468d-9a76-c241a482eab5.live_data.json,1517.0459,8b00c9cf-d00b-468d-9a76-c241a482eab5,2018-07-04 07:02:12.351
2018-06-26 18:20:25.000,2018-06-26 17:58:00.000,1344886,UTC+0100,1001,1.5970544,84.051025,1.3916636,2018-06-26 18:26:02.001,8b4350b2-2065-477f-aaa9-e87e5b26365d.live_data.json,1871.6289,8b4350b2-2065-477f-aaa9-e87e5b26365d,2018-06-26 18:26:02.001
2018-09-28 17:18:10.000,2018-09-28 16:55:00.000,1389828,UTC+0200,1001,1.6241138,80.05832,1.2691967,2018-09-28 17:58:46.665,8c650e95-40b3-47fc-9c08-b93831333acc.live_data.json,1763.9653,8c650e95-40b3-47fc-9c08-b93831333acc,2018-09-28 17:58:46.665
2018-07-04 15:36:00.000,2018-07-04 15:20:00.000,959625,UTC+0100,1001,1.6078461,61.40399,1.4242665,2018-07-04 15:39:27.963,8c895422-6f4c-4140-96d8-34892465ec89.live_data.json,1366.7617,8c895422-6f4c-4140-96d8-34892465ec89,2018-07-04 15:39:27.963
2018-08-14 17:19:25.000,2018-08-14 16:54:02.000,1523471,UTC+0200,1001,1.857842,93.164795,1.3891362,2018-08-14 17:21:13.564,8e04d695-0a1d-46b9-b2d0-fbb9cd38ad20.live_data.json,2116.3086,8e04d695-0a1d-46b9-b2d0-fbb9cd38ad20,2018-08-14 17:21:13.564
2018-10-13 15:44:02.000,2018-10-13 15:27:00.000,1022279,UTC+0200,1001,1.6145917,58.31079,1.241665,2018-10-13 15:46:05.107,8e1be459-e458-4f2c-87fd-cd3bf71e2adf.live_data.json,1269.3281,8e1be459-e458-4f2c-87fd-cd3bf71e2adf,2018-10-13 15:46:05.107
2018-09-29 17:38:22.000,2018-09-29 17:22:00.000,982919,UTC+0200,1001,1.5410222,59.43268,1.3124989,2018-09-29 17:41:46.081,8e58ba4f-3f99-48c1-b871-946130fe05e2.live_data.json,1290.0801,8e58ba4f-3f99-48c1-b871-946130fe05e2,2018-09-29 17:41:46.081
2018-10-19 19:09:02.000,2018-10-19 18:56:21.000,760965,UTC+0200,1001,1.6815726,52.873413,1.4833691,2018-10-19 19:15:06.224,8f49e4c1-6174-4d19-a499-25c11a1ac7da.live_data.json,1128.792,8f49e4c1-6174-4d19-a499-25c11a1ac7da,2018-10-19 19:15:06.224
2018-08-23 16:06:58.000,2018-08-23 15:52:00.000,897689,UTC+0200,1001,1.6045493,60.134888,1.4971745,2018-08-23 16:08:50.980,8fc79621-7fb7-4040-b28d-844a1df2fee5.live_data.json,1343.9971,8fc79621-7fb7-4040-b28d-844a1df2fee5,2018-08-23 16:08:50.980
2018-08-10 09:55:30.000,2018-08-10 09:35:10.000,1219634,UTC+0200,1001,1.7103863,77.98932,1.4286209,2018-08-10 10:01:47.565,9138b1f9-e1f4-42cb-9569-33cca5229053.live_data.json,1742.3945,9138b1f9-e1f4-42cb-9569-33cca5229053,2018-08-10 10:01:47.565
2018-07-14 10:58:53.000,2018-07-14 10:44:00.000,893050,UTC+0100,1001,3.1104236,53.32019,1.3230413,2018-07-14 11:00:25.141,935a2eca-2591-498b-b8ce-4ffc79fa3e1b.live_data.json,1181.542,935a2eca-2591-498b-b8ce-4ffc79fa3e1b,2018-07-14 11:00:25.141
2018-07-04 07:17:05.000,2018-07-04 06:58:02.000,1142578,UTC+0100,1001,1.6723236,72.42737,1.4252899,2018-07-04 07:19:00.954,939883af-8fed-4ec8-a58a-3bbd657d73bd.live_data.json,1628.5049,939883af-8fed-4ec8-a58a-3bbd657d73bd,2018-07-04 07:19:00.954
2019-01-21 10:53:17.000,2019-01-21 10:41:00.000,736891,UTC+0100,1001,3.6124625,71.91999,1.9181097,2019-01-21 10:55:24.395,93ac81e0-34e0-4730-9f10-ecd59f99c963.live_data.json,1413.4377,93ac81e0-34e0-4730-9f10-ecd59f99c963,2019-01-21 10:55:24.395
2018-11-04 13:59:24.000,2018-11-04 13:30:15.000,1749285,UTC+0100,1001,1.637427,104.88273,1.3426695,2018-11-04 14:00:25.460,93e1efe0-76e5-4f63-b850-43eba3769686.live_data.json,2348.7117,93e1efe0-76e5-4f63-b850-43eba3769686,2018-11-04 14:00:25.460
2018-07-24 19:25:11.000,2018-07-24 18:55:12.000,1799516,UTC+0100,1001,1.751202,101.90979,1.2461673,2018-07-24 19:26:53.973,944405c4-8e0e-4727-b0dc-1760fcf8dfdf.live_data.json,2242.498,944405c4-8e0e-4727-b0dc-1760fcf8dfdf,2018-07-24 19:26:53.973
2019-01-04 16:27:05.000,2019-01-04 16:14:32.000,752854,UTC+0100,1001,1.69714,42.155914,1.2455033,2019-01-04 16:30:10.297,97fdf190-3fae-4462-996f-b4882a8f3e88.live_data.json,937.6821,97fdf190-3fae-4462-996f-b4882a8f3e88,2019-01-04 16:30:10.297
2018-08-27 12:42:06.000,2018-08-27 12:28:14.000,831949,UTC+0200,1001,1.5347546,49.194275,1.3013194,2018-08-27 12:43:19.120,9a0836de-808f-4c7f-b993-83f4cc0bb46a.live_data.json,1082.6313,9a0836de-808f-4c7f-b993-83f4cc0bb46a,2018-08-27 12:43:19.120
2019-01-12 15:28:02.000,2019-01-12 15:17:24.000,638555,UTC+0100,1001,1.6356875,42.452255,1.4905694,2019-01-12 15:34:15.551,9a5ae0c8-6c95-4fce-a3af-4122524796c2.live_data.json,951.81055,9a5ae0c8-6c95-4fce-a3af-4122524796c2,2019-01-12 15:34:15.551
2018-08-16 04:27:08.000,2018-08-16 04:08:26.000,1121921,UTC+0200,1001,1.6261239,71.90679,1.4340352,2018-08-16 04:33:00.696,9ac1cad9-5d81-4b7c-b225-94bbee743fa1.live_data.json,1608.8743,9ac1cad9-5d81-4b7c-b225-94bbee743fa1,2018-08-16 04:33:00.696
2018-06-06 06:56:00.000,2018-06-06 06:39:00.000,1019831,UTC+0100,1001,1.8653438,68.05737,1.4857738,2018-06-06 06:57:15.043,9afc07ca-c9b3-42ad-bef4-4f3205847baf.live_data.json,1515.2383,9afc07ca-c9b3-42ad-bef4-4f3205847baf,2018-06-06 06:57:15.043
2018-09-15 16:59:30.000,2018-09-15 16:48:00.000,690620,UTC+0200,1001,1.6176562,44.35376,1.4230788,2018-09-15 17:01:32.362,9c70a49d-a9e1-40f4-bc15-17a3b49edcb2.live_data.json,982.80664,9c70a49d-a9e1-40f4-bc15-17a3b49edcb2,2018-09-15 17:01:32.362
2018-07-13 18:16:00.000,2018-07-13 17:39:25.000,2194329,UTC+0100,1001,1.5868255,134.85393,1.3616798,2018-07-13 18:17:49.791,9de0f352-52a3-4e7c-b74f-7964d610b64b.live_data.json,2987.9734,9de0f352-52a3-4e7c-b74f-7964d610b64b,2018-07-13 18:17:49.791
2018-06-13 17:25:33.000,2018-06-13 16:50:13.000,2119064,UTC+0100,1001,1.6907223,140.59067,1.490247,2018-06-13 17:44:05.963,9ec259cf-f2b2-4cfa-868d-f5d511de7b92.live_data.json,3157.9287,9ec259cf-f2b2-4cfa-868d-f5d511de7b92,2018-06-13 17:44:05.963
2018-08-09 18:45:41.000,2018-08-09 18:21:03.000,1477237,UTC+0200,1001,4.7208867,89.69702,1.3725555,2018-08-09 18:50:27.396,9f4be39d-f900-4ead-a4ef-f583b6178ec1.live_data.json,2027.5898,9f4be39d-f900-4ead-a4ef-f583b6178ec1,2018-08-09 18:50:27.396
2018-06-05 16:58:17.000,2018-06-05 16:38:00.000,1217685,UTC+0100,1001,1.9674314,79.47766,1.4643036,2018-06-05 16:59:17.999,9f7afba5-35de-4960-8819-b34da4b11000.live_data.json,1783.0605,9f7afba5-35de-4960-8819-b34da4b11000,2018-06-05 16:59:17.999
2018-12-30 15:43:07.000,2018-12-30 15:22:11.000,1256105,UTC+0100,1001,1.9393629,63.294067,1.1131935,2018-12-30 15:46:20.865,9fbab084-a377-464d-b978-a690850c6a6c.live_data.json,1398.2881,9fbab084-a377-464d-b978-a690850c6a6c,2018-12-30 15:46:20.865
2018-08-08 15:05:06.000,2018-08-08 14:54:13.000,653664,UTC+0200,1001,1.5833526,39.287918,1.3349091,2018-08-08 15:34:00.602,a19dbe95-f9e2-4a68-b22b-83bd043c81f6.live_data.json,872.58203,a19dbe95-f9e2-4a68-b22b-83bd043c81f6,2018-08-08 15:34:00.602
2018-07-03 07:31:28.000,2018-07-03 06:54:25.000,2223263,UTC+0100,1001,1.7691559,140.03583,1.3949589,2018-07-03 07:32:51.328,a1da1f47-f6fb-46a1-8c72-b7acf7a2d637.live_data.json,3101.3604,a1da1f47-f6fb-46a1-8c72-b7acf7a2d637,2018-07-03 07:32:51.328
2018-06-28 07:19:21.000,2018-06-28 06:45:04.000,2057118,UTC+0100,1001,1.7712688,132.17993,1.4520733,2018-06-28 07:21:29.551,a2957392-53c8-4b36-b58c-6c1d83173a60.live_data.json,2987.086,a2957392-53c8-4b36-b58c-6c1d83173a60,2018-06-28 07:21:29.551
2019-01-10 14:02:14.000,2019-01-10 13:49:00.000,794267,UTC+0100,1001,1.6131864,50.21283,1.406365,2019-01-10 14:10:20.362,a54be677-0756-4ff1-8a5e-cb943c10dd4c.live_data.json,1117.0293,a54be677-0756-4ff1-8a5e-cb943c10dd4c,2019-01-10 14:10:20.362
2018-08-10 12:20:05.000,2018-08-10 11:51:00.000,1745293,UTC+0200,1001,1.7060372,113.02826,1.4408207,2018-08-10 12:21:35.311,a65117d1-8e26-4b53-8f82-d9991390429f.live_data.json,2514.6543,a65117d1-8e26-4b53-8f82-d9991390429f,2018-08-10 12:21:35.311
2018-07-23 20:31:27.000,2018-07-23 20:20:17.000,670034,UTC+0100,1001,1.7409815,42.40214,1.4138744,2018-07-23 20:34:29.304,a6958875-1821-4c88-b0ee-6dcb13a9a65e.live_data.json,947.3439,a6958875-1821-4c88-b0ee-6dcb13a9a65e,2018-07-23 20:34:29.304
2018-06-08 17:08:35.000,2018-06-08 16:47:00.000,1295121,UTC+0100,1001,1.6417845,83.78589,1.4542348,2018-06-08 17:10:21.491,a6c76b66-3fad-44c8-aaa3-83f722bfb34c.live_data.json,1883.4102,a6c76b66-3fad-44c8-aaa3-83f722bfb34c,2018-06-08 17:10:21.491
2018-06-22 17:14:04.000,2018-06-22 16:53:00.000,1263840,UTC+0100,1001,1.5310869,74.135956,1.2738212,2018-06-22 17:26:04.595,a7cf380c-4a8f-42bc-8dae-9e4941e62a9f.live_data.json,1609.9062,a7cf380c-4a8f-42bc-8dae-9e4941e62a9f,2018-06-22 17:26:04.595
2018-06-15 17:39:25.000,2018-06-15 17:11:18.000,1686860,UTC+0100,1001,1.6244818,108.090004,1.4268862,2018-06-15 17:44:55.044,a81da3f6-4e54-4b28-9954-52ab58467003.live_data.json,2406.9575,a81da3f6-4e54-4b28-9954-52ab58467003,2018-06-15 17:44:55.044
2018-11-04 10:48:02.000,2018-11-04 10:37:04.000,658223,UTC+0100,1001,3.0203383,42.52975,1.4887162,2018-11-04 10:48:39.343,a88753e8-3c4b-4c47-90df-62d8422d981b.live_data.json,979.9072,a88753e8-3c4b-4c47-90df-62d8422d981b,2018-11-04 10:48:39.343
2019-01-13 18:18:10.000,2019-01-13 18:07:07.000,663537,UTC+0100,1001,1.6700348,38.29895,1.2983892,2019-01-13 19:21:52.188,a9a7c1e8-c0d2-4ee2-878e-426c6880fd82.live_data.json,861.5293,a9a7c1e8-c0d2-4ee2-878e-426c6880fd82,2019-01-13 19:21:52.188
2018-12-08 17:11:03.000,2018-12-08 17:00:00.000,663510,UTC+0100,1001,1.5247277,37.588806,1.2420392,2018-12-08 17:15:00.033,aafb1a8f-4e0d-4197-a040-da6e1d096dec.live_data.json,824.10547,aafb1a8f-4e0d-4197-a040-da6e1d096dec,2018-12-08 17:15:00.033
2018-07-19 18:32:01.000,2018-07-19 18:06:00.000,1560811,UTC+0100,1001,1.6672356,93.71405,1.3241289,2018-07-19 18:33:14.969,ab82364b-8f06-4904-a4a6-5b108b5ca00f.live_data.json,2066.7148,ab82364b-8f06-4904-a4a6-5b108b5ca00f,2018-07-19 18:33:14.969
2018-06-14 15:56:00.000,2018-06-14 15:42:00.000,839578,UTC+0100,1001,1.6488572,57.109116,1.5295746,2018-06-14 15:58:24.910,abc320f0-1a34-406b-ae1d-4e9d3cb23186.live_data.json,1284.1973,abc320f0-1a34-406b-ae1d-4e9d3cb23186,2018-06-14 15:58:24.910
2018-07-02 18:31:20.000,2018-07-02 18:13:09.000,1090312,UTC+0100,1001,1.6239288,65.62567,1.34749,2018-07-02 18:34:29.825,ac790e90-d588-46f0-b7e6-4805c91aadf6.live_data.json,1469.1846,ac790e90-d588-46f0-b7e6-4805c91aadf6,2018-07-02 18:34:29.825
2019-01-23 07:32:07.000,2019-01-23 07:03:00.000,1746858,UTC+0100,1001,3.6906095,113.21921,1.4539523,2019-01-23 07:35:00.163,aecbaccc-bc4e-4db8-8923-5db0685f930d.live_data.json,2539.8481,aecbaccc-bc4e-4db8-8923-5db0685f930d,2019-01-23 07:35:00.163
2018-09-23 13:10:07.000,2018-09-23 12:53:00.000,1027678,UTC+0200,1001,1.8772258,66.10913,1.432322,2018-09-23 14:00:19.474,aedeb93c-444e-4430-a864-c8f0e35cdd4b.live_data.json,1471.9658,aedeb93c-444e-4430-a864-c8f0e35cdd4b,2018-09-23 14:00:19.474
2018-06-10 11:55:23.000,2018-06-10 11:24:02.000,1880780,UTC+0100,1001,1.4786692,114.6853,1.3228887,2018-06-10 12:06:26.307,af0b8195-9571-4df4-a1e6-1c4b49711c2f.live_data.json,2488.0625,af0b8195-9571-4df4-a1e6-1c4b49711c2f,2018-06-10 12:06:26.307
2018-12-01 15:55:32.000,2018-12-01 15:34:03.000,1289631,UTC+0100,1001,1.6614056,69.96506,1.2062293,2018-12-01 16:00:33.629,afd21264-cbf8-4068-909f-03117e38011c.live_data.json,1555.5908,afd21264-cbf8-4068-909f-03117e38011c,2018-12-01 16:00:33.629
2018-10-13 14:50:36.000,2018-10-13 14:24:07.000,1588888,UTC+0200,1001,1.6017513,96.260376,1.3429018,2018-10-13 14:55:00.075,b086a365-d91a-4f9b-b5e8-9be2064daf6f.live_data.json,2133.7207,b086a365-d91a-4f9b-b5e8-9be2064daf6f,2018-10-13 14:55:00.075
2018-07-05 19:01:05.000,2018-07-05 18:49:30.000,695417,UTC+0100,1001,1.5892053,42.144775,1.3339036,2018-07-05 19:03:52.686,b1cf7ba6-bf33-4c70-a660-c8f8eee3eb40.live_data.json,927.61914,b1cf7ba6-bf33-4c70-a660-c8f8eee3eb40,2018-07-05 19:03:52.686
2018-06-08 07:15:59.000,2018-06-08 07:03:29.000,749400,UTC+0100,1001,2.8236423,49.3114,1.4663607,2018-06-08 07:20:44.973,b4dbf8dd-1742-44df-a4b8-0f6284a47544.live_data.json,1098.8906,b4dbf8dd-1742-44df-a4b8-0f6284a47544,2018-06-08 07:20:44.973
2018-07-07 13:03:50.000,2018-07-07 12:52:00.000,709489,UTC+0100,1001,1.6155552,41.0531,1.290905,2018-07-07 13:08:29.202,b60c3148-e37e-4668-b3b8-5cba2c0f705f.live_data.json,915.8828,b60c3148-e37e-4668-b3b8-5cba2c0f705f,2018-07-07 13:08:29.202
2018-08-10 11:41:32.000,2018-08-10 11:24:00.000,1051992,UTC+0200,1001,1.6461518,63.138367,1.3308439,2018-08-10 11:44:58.369,b8747aef-9e49-4b10-b120-42541243979c.live_data.json,1400.0371,b8747aef-9e49-4b10-b120-42541243979c,2018-08-10 11:44:58.369
2018-08-18 15:31:23.000,2018-08-18 15:20:09.000,674033,UTC+0200,1001,1.8751028,46.01236,1.5425166,2018-08-18 15:34:06.745,b8f8ab55-08ee-497e-b06f-6f206c5439a1.live_data.json,1039.707,b8f8ab55-08ee-497e-b06f-6f206c5439a1,2018-08-18 15:34:06.745
2018-07-26 07:36:00.000,2018-07-26 07:14:30.000,1289598,UTC+0100,1001,1.6455353,84.23718,1.4588273,2018-07-26 07:49:35.901,bef23d9b-cba3-4314-8a46-c4e603e77f59.live_data.json,1881.3008,bef23d9b-cba3-4314-8a46-c4e603e77f59,2018-07-26 07:49:35.901
2018-09-22 16:27:15.000,2018-09-22 16:12:01.000,914058,UTC+0200,1001,2.01009,54.731995,1.3075567,2018-09-22 17:24:00.449,bf6e60c1-e1fb-4cfe-844e-4933a8bac648.live_data.json,1195.1826,bf6e60c1-e1fb-4cfe-844e-4933a8bac648,2018-09-22 17:24:00.449
2018-10-20 21:17:06.000,2018-10-20 20:54:00.000,1386178,UTC+0200,1001,1.5213839,86.58981,1.3740294,2018-10-20 21:19:50.702,c0ce7951-14d9-4190-a429-be0b518eb746.live_data.json,1904.6494,c0ce7951-14d9-4190-a429-be0b518eb746,2018-10-20 21:19:50.702
2018-06-20 07:06:22.000,2018-06-20 06:32:20.000,2042084,UTC+0100,1001,1.6538644,134.53815,1.482643,2018-06-20 07:24:04.080,c165b7f9-3733-4b96-9429-10b3077b62e1.live_data.json,3027.6816,c165b7f9-3733-4b96-9429-10b3077b62e1,2018-06-20 07:24:04.080
2018-06-06 07:13:11.000,2018-06-06 06:56:00.000,1031375,UTC+0100,1001,1.7487043,67.62622,1.4774308,2018-06-06 07:14:53.120,c1944668-b623-4537-bbf9-8961ebd335cc.live_data.json,1523.7852,c1944668-b623-4537-bbf9-8961ebd335cc,2018-06-06 07:14:53.120
2019-01-07 14:58:05.000,2019-01-07 14:25:10.000,1974164,UTC+0100,1002,3.182751,363.71594,2.6571474,2019-01-10 13:14:48.534,c23584c1-c577-4b27-b6b5-86affb3c6b1e.live_data.json,5245.6445,c23584c1-c577-4b27-b6b5-86affb3c6b1e,2019-01-07 14:59:08.801
2018-07-20 20:18:31.000,2018-07-20 19:46:03.000,1947922,UTC+0100,1001,1.7567058,133.81783,1.5366217,2018-07-20 20:19:37.467,c4a142e3-5ea5-4d10-9b02-4f49e23233cd.live_data.json,2993.2192,c4a142e3-5ea5-4d10-9b02-4f49e23233cd,2018-07-20 20:19:37.467
2018-06-03 15:29:07.000,2018-06-03 14:42:03.000,2824927,UTC+0100,1001,1.4969927,149.75055,1.1388549,2018-06-03 15:32:35.817,c4b6e765-13a0-4436-9a40-700c7fdf7853.live_data.json,3217.1816,c4b6e765-13a0-4436-9a40-700c7fdf7853,2018-06-03 15:32:35.817
2018-06-20 17:30:13.000,2018-06-20 17:00:23.000,1789375,UTC+0100,1001,1.5300163,112.147705,1.3742217,2018-06-20 17:59:17.241,c4cc9ed9-9423-4f60-86bc-5b3af95473f6.live_data.json,2458.998,c4cc9ed9-9423-4f60-86bc-5b3af95473f6,2018-06-20 17:59:17.241
2018-07-09 18:22:36.000,2018-07-09 18:01:09.000,1287073,UTC+0100,1001,1.9438734,83.42449,1.4510504,2018-07-09 18:23:46.074,c5805523-24c1-40b4-9afb-906ba09c8845.live_data.json,1867.6077,c5805523-24c1-40b4-9afb-906ba09c8845,2018-07-09 18:23:46.074
2018-11-01 15:24:14.000,2018-11-01 15:13:00.000,674394,UTC+0100,1001,2.7859201,38.651123,1.2949936,2018-11-01 17:51:44.221,c5eacf7f-4f09-475b-b9b2-60f7b39dd88d.live_data.json,873.33594,c5eacf7f-4f09-475b-b9b2-60f7b39dd88d,2018-11-01 17:51:44.221
2018-11-10 15:08:34.000,2018-11-10 14:51:00.000,1054143,UTC+0100,1001,1.5865607,62.874237,1.3150066,2018-11-10 15:13:21.266,c60371fa-ff17-4f2c-aa1a-33de95f40c3d.live_data.json,1386.2051,c60371fa-ff17-4f2c-aa1a-33de95f40c3d,2018-11-10 15:13:21.266
2018-07-06 07:28:20.000,2018-07-06 06:52:00.000,2180781,UTC+0100,1001,1.6528894,134.79102,1.3858969,2018-07-06 07:31:11.417,c6077a0d-84d3-41b0-9bfa-af74a2842b50.live_data.json,3022.338,c6077a0d-84d3-41b0-9bfa-af74a2842b50,2018-07-06 07:31:11.417
2018-06-21 16:24:08.000,2018-06-21 16:03:00.000,1268670,UTC+0100,1001,1.640252,82.68616,1.4515125,2018-06-21 16:27:24.796,c83374af-c32b-42c7-b884-663b667a68d3.live_data.json,1841.4902,c83374af-c32b-42c7-b884-663b667a68d3,2018-06-21 16:27:24.796
2019-01-16 21:35:00.000,2019-01-16 21:21:00.000,840461,UTC+0100,1001,1.6233191,56.53122,1.4672036,2019-01-16 21:39:50.986,c8612c76-f48f-49a2-a823-c0cdf18b9789.live_data.json,1233.1274,c8612c76-f48f-49a2-a823-c0cdf18b9789,2019-01-16 21:39:50.986
2018-08-14 21:27:07.000,2018-08-14 21:04:00.000,1386438,UTC+0200,1001,2.0200617,80.30884,1.3103864,2018-08-14 21:30:01.024,cc1f8dfa-c236-41d2-b9a9-51ea99768863.live_data.json,1816.7695,cc1f8dfa-c236-41d2-b9a9-51ea99768863,2018-08-14 21:30:01.024
2018-10-06 18:14:07.000,2018-10-06 17:57:00.000,1026988,UTC+0200,1001,2.3681245,69.36011,1.5239383,2018-10-06 18:21:13.031,cc27ceba-5720-4dca-8442-eaff9c465c61.live_data.json,1565.0664,cc27ceba-5720-4dca-8442-eaff9c465c61,2018-10-06 18:21:13.031
2018-10-06 07:23:04.000,2018-10-06 07:05:03.000,1081106,UTC+0200,1001,2.1010091,70.65941,1.4723561,2018-10-06 07:24:21.008,cd94de0f-e7f6-48e2-b08a-998b04312309.live_data.json,1591.773,cd94de0f-e7f6-48e2-b08a-998b04312309,2018-10-06 07:24:21.008
2018-11-03 12:34:48.000,2018-11-03 12:20:05.000,882743,UTC+0100,1001,1.8315953,50.38597,1.3002703,2018-11-03 12:39:14.849,cf62f54f-eb7d-47e9-a6d7-5395838d73f4.live_data.json,1147.8044,cf62f54f-eb7d-47e9-a6d7-5395838d73f4,2018-11-03 12:39:14.849
2018-08-06 11:08:11.000,2018-08-06 10:35:00.000,1990898,UTC+0200,1001,1.6442628,121.16037,1.3454636,2018-08-06 11:09:12.748,cf87fa0b-c7cb-4f4b-b7c9-5d25dc7eb355.live_data.json,2678.6807,cf87fa0b-c7cb-4f4b-b7c9-5d25dc7eb355,2018-08-06 11:09:12.748
2018-07-26 22:43:45.000,2018-07-26 22:29:00.000,885869,UTC+0100,1001,1.547193,56.559822,1.4055055,2018-07-26 22:44:47.100,d07b2708-f5c8-41f0-88ef-34510311d6c2.live_data.json,1245.0938,d07b2708-f5c8-41f0-88ef-34510311d6c2,2018-07-26 22:44:47.100
2018-07-16 07:28:30.000,2018-07-16 07:00:00.000,1710324,UTC+0100,1001,1.7296088,105.919495,1.3891613,2018-07-16 07:29:46.959,d41f5b64-c654-40b6-a0e5-ef8dbf5c2a90.live_data.json,2375.916,d41f5b64-c654-40b6-a0e5-ef8dbf5c2a90,2018-07-16 07:29:46.959
2018-08-12 18:19:20.000,2018-08-12 18:00:00.000,1159941,UTC+0200,1001,1.7372723,65.34497,1.2257274,2018-08-12 18:23:26.853,d4a28c4a-2efe-44e0-a836-52addbcd14e0.live_data.json,1421.7715,d4a28c4a-2efe-44e0-a836-52addbcd14e0,2018-08-12 18:23:26.853
2018-07-10 20:42:16.000,2018-07-10 20:02:03.000,2412952,UTC+0100,1001,3.6499257,150.21127,1.390112,2018-07-10 20:44:41.520,d4deb883-a5a0-4bfe-9f84-90f3ea44424a.live_data.json,3354.2734,d4deb883-a5a0-4bfe-9f84-90f3ea44424a,2018-07-10 20:44:41.520
2018-11-01 18:14:08.000,2018-11-01 17:54:00.000,1207782,UTC+0100,1001,1.6306673,73.29443,1.315997,2018-11-01 18:17:06.732,d5383650-3a22-4919-a1db-79e7456e7345.live_data.json,1589.4375,d5383650-3a22-4919-a1db-79e7456e7345,2018-11-01 18:17:06.732
2018-08-13 13:20:22.000,2018-08-13 13:05:16.000,905829,UTC+0200,1001,1.6316929,51.853394,1.2681667,2018-08-13 13:24:03.198,d6d590bf-8e44-48a3-9ce8-2c5f51745646.live_data.json,1148.7422,d6d590bf-8e44-48a3-9ce8-2c5f51745646,2018-08-13 13:24:03.198
2018-10-13 11:51:19.000,2018-10-13 11:29:00.000,1338819,UTC+0200,1001,1.4878912,77.24194,1.2415268,2018-10-13 11:54:27.081,da79ca7b-79ad-4c52-acdf-af5b89b0761e.live_data.json,1662.1797,da79ca7b-79ad-4c52-acdf-af5b89b0761e,2018-10-13 11:54:27.081
2018-12-12 13:46:19.000,2018-12-12 13:35:01.000,677867,UTC+0100,1001,1.7819766,48.165512,1.6235389,2018-12-12 13:48:56.943,dadb61b0-081a-424e-af3f-7a4582e06e6b.live_data.json,1100.5435,dadb61b0-081a-424e-af3f-7a4582e06e6b,2018-12-12 13:48:56.943
2018-06-26 07:26:05.000,2018-06-26 06:49:00.000,2224827,UTC+0100,1001,1.7318685,139.41577,1.3957748,2018-06-26 07:33:50.314,db5deea4-31db-4808-b3aa-c9a1c0f07cc5.live_data.json,3105.3574,db5deea4-31db-4808-b3aa-c9a1c0f07cc5,2018-06-26 07:33:50.314
2018-06-13 07:14:01.000,2018-06-13 06:39:02.000,2098403,UTC+0100,1001,2.0109053,139.31357,1.4936019,2018-06-13 07:15:27.734,dbab41bf-da25-409c-ba96-d5e44f913f67.live_data.json,3134.1787,dbab41bf-da25-409c-ba96-d5e44f913f67,2018-06-13 07:15:27.734
2018-12-30 18:58:49.000,2018-12-30 18:47:14.000,695351,UTC+0100,1001,1.63621,42.493954,1.3648068,2018-12-30 19:02:23.378,dc0b698d-2a05-482e-9edf-8248dd188f29.live_data.json,949.0198,dc0b698d-2a05-482e-9edf-8248dd188f29,2018-12-30 19:02:23.378
2018-10-20 07:06:05.000,2018-10-20 06:55:28.000,637406,UTC+0200,1001,1.7878675,40.352657,1.4367089,2018-10-20 07:10:36.615,dc15f516-a894-415b-8fa6-9d647a04354c.live_data.json,915.76697,dc15f516-a894-415b-8fa6-9d647a04354c,2018-10-20 07:10:36.615
2018-10-29 09:43:03.000,2018-10-29 09:24:09.000,1133923,UTC+0100,1001,2.0336072,73.1944,1.4591196,2018-10-29 09:47:16.361,dc2d4bf7-807b-4550-856d-09d824c39191.live_data.json,1654.5293,dc2d4bf7-807b-4550-856d-09d824c39191,2018-10-29 09:47:16.361
2018-06-02 13:38:01.000,2018-06-02 12:48:00.000,3001555,UTC+0100,1001,3.2335384,150.68915,1.0716519,2018-06-02 13:41:22.545,dd7a615c-1f30-4944-aad3-4bb8677ffc9d.live_data.json,3216.6223,dd7a615c-1f30-4944-aad3-4bb8677ffc9d,2018-06-02 13:41:22.545
2018-07-09 07:32:28.000,2018-07-09 06:55:00.000,2248036,UTC+0100,1001,1.8308574,133.29858,1.3301631,2018-07-09 07:36:34.479,de34f7bb-1636-42df-bc18-f86523b2165c.live_data.json,2990.2546,de34f7bb-1636-42df-bc18-f86523b2165c,2018-07-09 07:36:34.479
2018-10-07 14:14:33.000,2018-10-07 14:01:00.000,813544,UTC+0200,1001,1.6804724,50.708008,1.3744383,2018-10-07 14:19:54.028,de47fad4-ecfb-4f41-a490-84c2a8b7fce8.live_data.json,1118.166,de47fad4-ecfb-4f41-a490-84c2a8b7fce8,2018-10-07 14:19:54.028
2018-06-27 17:01:13.000,2018-06-27 16:37:00.000,1453265,UTC+0100,1001,2.711105,85.506714,1.3005872,2018-06-27 17:05:58.155,de61b9d0-e485-4734-abda-5b282ffa14ad.live_data.json,1890.0977,de61b9d0-e485-4734-abda-5b282ffa14ad,2018-06-27 17:05:58.155
2018-06-08 07:38:21.000,2018-06-08 07:16:00.000,1340742,UTC+0100,1001,1.8215815,82.43176,1.3834165,2018-06-08 08:25:36.038,dfb8b72b-c240-4911-adf1-9c2a616af03c.live_data.json,1854.8047,dfb8b72b-c240-4911-adf1-9c2a616af03c,2018-06-08 08:25:36.038
2018-09-28 10:53:06.000,2018-09-28 10:36:29.000,996714,UTC+0200,1001,1.5413195,58.741272,1.2967718,2018-09-28 10:55:00.397,e036831d-0817-4977-9b2a-2f261b48dd0a.live_data.json,1292.5106,e036831d-0817-4977-9b2a-2f261b48dd0a,2018-09-28 10:55:00.397
2019-01-23 16:42:58.000,2019-01-23 16:31:00.000,717911,UTC+0100,1001,1.7490857,45.22515,1.4172435,2019-01-23 16:44:44.499,e40da0f6-4d78-44e4-90b0-f82e5ed3ba29.live_data.json,1017.4547,e40da0f6-4d78-44e4-90b0-f82e5ed3ba29,2019-01-23 16:44:44.499
2019-01-10 13:48:56.734,2019-01-10 13:15:19.246,2012432,UTC+0100,1002,3.7133331,444.0,2.7593231,2019-01-10 13:51:53.750,e4f28d25-663a-4577-851f-1a8e09e4716c.live_data.json,5543.48,e4f28d25-663a-4577-851f-1a8e09e4716c,2019-01-10 13:15:19.261
2018-08-18 16:19:16.000,2018-08-18 16:07:34.000,701453,UTC+0200,1001,1.9552437,51.226868,1.6773566,2018-08-18 16:35:00.036,e59af8fb-811c-4507-ab30-3343a46275a5.live_data.json,1176.5869,e59af8fb-811c-4507-ab30-3343a46275a5,2018-08-18 16:35:00.036
2018-12-02 17:18:05.000,2018-12-02 17:07:00.000,664686,UTC+0100,1001,1.7047194,42.758972,1.4639578,2018-12-02 17:21:50.605,e6e9d62d-be95-47f3-a279-7abd1aa7c13b.live_data.json,973.07227,e6e9d62d-be95-47f3-a279-7abd1aa7c13b,2018-12-02 17:21:50.605
2018-08-18 12:12:24.000,2018-08-18 12:00:00.000,744284,UTC+0200,1001,1.5512137,48.933914,1.4571002,2018-08-18 12:28:44.510,e7234b30-84f8-4506-8449-b6d8dbc1631f.live_data.json,1084.4963,e7234b30-84f8-4506-8449-b6d8dbc1631f,2018-08-18 12:28:44.510
2018-07-20 08:30:23.000,2018-07-20 07:54:27.000,2156390,UTC+0100,1001,3.171091,142.12662,1.474894,2018-07-20 08:33:07.130,e91174aa-f83f-4b9e-b3db-055ffacfde5d.live_data.json,3180.4468,e91174aa-f83f-4b9e-b3db-055ffacfde5d,2018-07-20 08:33:07.130
2018-11-02 12:21:11.000,2018-11-02 12:00:04.000,1266438,UTC+0100,1001,1.7707176,80.57425,1.4139946,2018-11-02 12:30:10.864,ea3b17de-8c68-4ef1-84e6-dccd58d2414f.live_data.json,1790.7363,ea3b17de-8c68-4ef1-84e6-dccd58d2414f,2018-11-02 12:30:10.864
2018-08-15 13:07:05.000,2018-08-15 12:48:05.000,1139284,UTC+0200,1001,1.624012,74.30737,1.4408172,2018-08-15 13:11:34.086,ed06637f-2b4c-4422-9918-22e3918f5461.live_data.json,1641.5,ed06637f-2b4c-4422-9918-22e3918f5461,2018-08-15 13:11:34.086
2018-07-23 07:24:24.000,2018-07-23 07:13:25.000,659060,UTC+0100,1001,1.7533133,41.901,1.4366208,2018-07-23 07:27:27.227,eead082c-fdf4-4c2d-8a13-44b50b8fb1f7.live_data.json,946.81934,eead082c-fdf4-4c2d-8a13-44b50b8fb1f7,2018-07-23 07:27:27.227
2018-10-29 10:44:03.000,2018-10-29 10:26:00.000,1083283,UTC+0100,1001,1.9082959,65.64819,1.3490728,2018-10-29 10:45:07.171,ef99be42-ce95-48f6-bb16-b042659ea020.live_data.json,1461.4277,ef99be42-ce95-48f6-bb16-b042659ea020,2018-10-29 10:45:07.171
2018-07-14 08:27:43.000,2018-07-14 07:53:00.000,2082553,UTC+0100,1001,3.6071594,166.05269,1.6399785,2018-07-14 08:28:59.587,f01111e0-d028-4752-a5e0-8598ba8ed1c6.live_data.json,3415.3423,f01111e0-d028-4752-a5e0-8598ba8ed1c6,2018-07-14 08:28:59.587
2018-10-26 19:37:05.000,2018-10-26 19:20:00.000,1025058,UTC+0200,1001,1.6249951,60.24066,1.3178166,2018-10-26 19:42:59.832,f103cfee-4738-4f71-b34c-4bec87cf0382.live_data.json,1350.8384,f103cfee-4738-4f71-b34c-4bec87cf0382,2018-10-26 19:42:59.832
2018-07-26 07:49:34.000,2018-07-26 07:36:00.000,814464,UTC+0100,1001,1.5943967,54.347046,1.4947953,2018-07-26 07:52:41.469,f1a48098-77a7-4d64-b0f9-a122d7faf2da.live_data.json,1217.457,f1a48098-77a7-4d64-b0f9-a122d7faf2da,2018-07-26 07:52:41.469
2018-06-05 07:26:40.000,2018-06-05 06:51:21.000,2118884,UTC+0100,1001,2.0412207,136.64478,1.4376405,2018-06-05 07:28:09.966,f1caf845-fbad-4da1-9f28-cd8d924ab6da.live_data.json,3046.1934,f1caf845-fbad-4da1-9f28-cd8d924ab6da,2018-06-05 07:28:09.966
2019-01-04 14:16:31.000,2019-01-04 14:03:00.000,810593,UTC+0100,1001,1.6064726,49.44801,1.3668388,2019-01-04 14:25:46.785,f2fda5ef-2779-4c30-b5be-b4125fb89f2d.live_data.json,1107.95,f2fda5ef-2779-4c30-b5be-b4125fb89f2d,2019-01-04 14:25:46.785
2018-07-17 07:38:10.000,2018-07-17 07:01:08.000,2221078,UTC+0100,1001,1.8579962,141.88817,1.4416951,2018-07-17 07:39:11.280,f3961bc8-6354-454c-adc1-084c466f4890.live_data.json,3202.1174,f3961bc8-6354-454c-adc1-084c466f4890,2018-07-17 07:39:11.280
2018-06-11 16:24:03.000,2018-06-11 15:52:03.000,1919865,UTC+0100,1001,3.4722223,119.24147,1.3759596,2018-06-11 16:27:35.769,f48195ca-b9d2-40e2-829c-2fd80d0f1750.live_data.json,2641.6567,f48195ca-b9d2-40e2-829c-2fd80d0f1750,2018-06-11 16:27:35.769
2018-12-14 12:27:07.000,2018-12-14 12:12:18.000,888285,UTC+0100,1001,2.8512704,55.84188,1.4121485,2018-12-14 12:28:05.015,f50488c2-40d5-4688-8233-80a9384f4273.live_data.json,1254.3903,f50488c2-40d5-4688-8233-80a9384f4273,2018-12-14 12:28:05.015
2019-01-19 15:22:40.000,2019-01-19 15:10:00.000,760131,UTC+0100,1001,1.708056,49.93338,1.4829085,2019-01-19 15:26:49.688,f600a5c9-9b9a-48ee-a27d-7e4756f8b36f.live_data.json,1127.2048,f600a5c9-9b9a-48ee-a27d-7e4756f8b36f,2019-01-19 15:26:49.688
2018-06-27 07:24:28.000,2018-06-27 06:48:38.000,2150683,UTC+0100,1001,1.7371687,134.6958,1.4001366,2018-06-27 07:25:49.976,f6d05ed7-ebef-4e4d-8731-eaa87235fcee.live_data.json,3011.25,f6d05ed7-ebef-4e4d-8731-eaa87235fcee,2018-06-27 07:25:49.976
2018-09-08 11:55:15.000,2018-09-08 11:39:00.000,975369,UTC+0200,1001,1.9674454,57.92505,1.3264091,2018-09-08 11:57:28.472,f80b60f5-0b2c-49bf-9ab7-32ab00426805.live_data.json,1293.7383,f80b60f5-0b2c-49bf-9ab7-32ab00426805,2018-09-08 11:57:28.472
2018-07-25 09:29:04.000,2018-07-25 09:14:00.000,903742,UTC+0100,1001,1.5553617,56.50171,1.3829544,2018-07-25 09:31:16.222,f83dea7c-bda6-4349-bfac-09e162f23c37.live_data.json,1249.834,f83dea7c-bda6-4349-bfac-09e162f23c37,2018-07-25 09:31:16.222
2018-06-14 16:10:42.000,2018-06-14 15:56:00.000,882534,UTC+0100,1001,1.6343628,59.8909,1.5247016,2018-06-14 16:18:45.559,f8ec73a6-eb31-4c65-9193-96900124138f.live_data.json,1345.6011,f8ec73a6-eb31-4c65-9193-96900124138f,2018-06-14 16:18:45.559
2018-07-25 08:55:16.000,2018-07-25 08:36:00.000,1156578,UTC+0100,1001,1.7570463,76.879395,1.4988585,2018-07-25 09:05:14.888,f9a5f797-8289-4cc9-8b7a-57f5f488eb04.live_data.json,1733.5469,f9a5f797-8289-4cc9-8b7a-57f5f488eb04,2018-07-25 09:05:14.888
2018-06-24 12:20:34.000,2018-06-24 11:54:00.000,1593840,UTC+0100,1001,1.8248652,92.420715,1.256587,2018-06-24 12:23:42.498,f9c31b98-2c6c-4dc8-8357-e3de28d25915.live_data.json,2002.7988,f9c31b98-2c6c-4dc8-8357-e3de28d25915,2018-06-24 12:23:42.498
2018-06-28 16:43:23.000,2018-06-28 16:24:00.000,1163461,UTC+0100,1001,1.6171739,72.156494,1.3705269,2018-06-28 16:47:06.772,fa1738ba-9afb-4e90-8fc5-f7f6a9f55090.live_data.json,1594.5547,fa1738ba-9afb-4e90-8fc5-f7f6a9f55090,2018-06-28 16:47:06.772
2018-10-28 16:53:04.000,2018-10-28 16:37:03.000,960563,UTC+0100,1001,1.9593625,60.843994,1.4238638,2018-10-28 16:55:14.017,fa5d26b1-a45b-45cf-8085-83ec34e9698f.live_data.json,1367.7109,fa5d26b1-a45b-45cf-8085-83ec34e9698f,2018-10-28 16:55:14.017
2018-07-29 09:09:14.000,2018-07-29 08:55:05.000,848499,UTC+0100,1001,1.6358256,53.205048,1.3767458,2018-07-29 09:10:35.991,fa9d2bb1-9be1-4d0e-8b19-c742e0aff03d.live_data.json,1168.1675,fa9d2bb1-9be1-4d0e-8b19-c742e0aff03d,2018-07-29 09:10:35.991
2018-08-12 10:48:34.000,2018-08-12 10:37:06.000,687201,UTC+0200,1001,1.5532644,42.553955,1.3600659,2018-08-12 12:01:02.635,fabe325d-3917-4c56-a610-cd6950363826.live_data.json,934.6387,fabe325d-3917-4c56-a610-cd6950363826,2018-08-12 12:01:02.635
2018-12-13 12:37:04.000,2018-12-13 12:25:05.000,718538,UTC+0100,1001,1.8097513,47.480698,1.5194176,2018-12-13 12:38:20.361,fc7e4f58-f9d2-41f2-93d9-35c349f3635b.live_data.json,1091.7593,fc7e4f58-f9d2-41f2-93d9-35c349f3635b,2018-12-13 12:38:20.361
2018-07-05 19:38:20.000,2018-07-05 19:08:00.000,1820533,UTC+0100,1001,1.5238086,107.10919,1.2928476,2018-07-05 19:45:04.114,fc860304-e01c-43b4-af49-1236aebb3042.live_data.json,2353.6719,fc860304-e01c-43b4-af49-1236aebb3042,2018-07-05 19:45:04.114
2018-08-04 19:56:12.000,2018-08-04 19:29:16.000,1616174,UTC+0200,1001,1.5725226,98.73706,1.3370516,2018-08-04 20:03:17.780,fe8cf849-3842-48b4-b07f-2af9a46aaa97.live_data.json,2160.9082,fe8cf849-3842-48b4-b07f-2af9a46aaa97,2018-08-04 20:03:17.780
2018-07-07 08:18:04.000,2018-07-07 07:49:00.000,1744159,UTC+0100,1001,2.9035623,113.28552,1.4628491,2018-07-07 08:20:16.549,fea4b27a-cd23-4555-a5af-1c513753442b.live_data.json,2551.4414,fea4b27a-cd23-4555-a5af-1c513753442b,2018-07-07 08:20:16.549
2018-12-12 14:00:38.000,2018-12-12 13:49:00.000,698731,UTC+0100,1001,1.7049456,48.440277,1.577799,2018-12-12 14:01:59.120,febbad7a-7105-40f2-aa50-b6e39749c749.live_data.json,1102.457,febbad7a-7105-40f2-aa50-b6e39749c749,2018-12-12 14:01:59.120
2018-08-10 15:59:07.000,2018-08-10 15:43:23.000,944242,UTC+0200,1001,1.5653907,53.129745,1.2447996,2018-08-10 16:00:31.028,ff2a5e93-3f0d-4bcb-9c0e-53156a4b8358.live_data.json,1175.3921,ff2a5e93-3f0d-4bcb-9c0e-53156a4b8358,2018-08-10 16:00:31.028